label	type	id	description
Culture & Leisure	category	4	
Fashion & Accessories	category	5	
Home & Living	category	10	
Travel	category	14	
Groceries	category	16	
Family & Kids	category	17	
Gaming	category	19	
Restaurant, Café & Pub	category	20	
Sports & Outdoors	category	21	
Finance & Insurance	category	22	
Freebies	category	30	
Ask	category	31	
Competitions	category	32	
Misc	category	33	
Adult Products	category	1341	
Air Conditioner	category	1410	
Alcohol	category	1466	
Apple	category	1735	
Apple TV	category	1743	
Audio & Hi-Fi	category	1932	
Childcare	category	2017	
Baileys	category	2088	
Barbie	category	2139	
Health & Beauty	category	2272	
Bed	category	2287	
Beer	category	2310	
Ben & Jerry's	category	2338	
Bike	category	2420	
Blu-ray	category	2556	
Board Game	category	2593	
Breakdown Cover	category	2801	
Broadband	category	2856	
Budweiser	category	2915	
Call of Duty	category	3073	
Camera	category	3106	
Car	category	3184	
Car Accessories	category	3185	
Car Hire	category	3196	
Car Parts	category	3202	
Car Seat	category	3206	
Carling	category	3245	
Carpet Cleaner	category	3256	
Cat Food	category	3323	
Celebrations	category	3382	
Champagne	category	3432	
Chocolate	category	3617	
Cinema	category	3680	
Clearance	category	3742	
Coffee	category	3854	
Coca Cola	category	3861	
Compost	category	3975	
Games Consoles	category	4035	
Arts and Crafts	category	4199	
Crocs	category	4264	
Cruises	category	4282	
Days Out	category	4693	
Dehumidifier	category	4804	
DeWalt	category	4920	
Dishwasher	category	5123	
DIY	category	5155	
Drill	category	5341	
Dulux	category	5429	
Dyson	category	5589	
Electric Toothbrush	category	5796	
Electronics	category	5811	
Eurostar Ticket	category	6012	
Eurotunnel	category	6014	
Fans	category	6237	
Food	category	6607	
Furniture	category	7019	
Gaming Chair	category	7143	
Garden	category	7155	
Garden Furniture	category	7158	
Garmin	category	7171	
Gin	category	7337	
Golf	category	7439	
Graphics Card	category	7539	
BBQs and Grills	category	7585	
Guinness	category	7650	
Hammock	category	7780	
Headphones	category	7946	
Package Holidays	category	8146	
Hotel	category	8262	
Insurance	category	8647	
iPhone	category	8704	
Iron	category	8752	
Jack Daniel's	category	8822	
Kettle	category	9172	
Lamb	category	9415	
Laptop	category	9442	
Lawnmower	category	9521	
Lego	category	9646	
Lego Star Wars	category	9652	
Lindt	category	9797	
MacBook	category	10084	
Makeup	category	10164	
Makita	category	10175	
Massage	category	10286	
Maternity & Pregnancy	category	10306	
Mattress	category	10321	
Microsoft 365	category	10583	
Microwave	category	10589	
Mobile Phone	category	10724	
Monitor	category	10783	
MOT	category	10846	
Movies & Series	category	10919	
Music	category	11049	
Nespresso	category	11419	
Nintendo	category	11547	
Sports Nutrition	category	11715	
Nvidia	category	11723	
O2	category	11742	
Odeon	category	11770	
Office Chair	category	11784	
Opticians	category	11903	
Outdoor Sports & Camping	category	11965	
Outlet	category	11982	
Paint	category	12055	
Parcel and Delivery Services	category	12119	
PC	category	12199	
Pepsi	category	12324	
Perfume	category	12337	
Petrol and Diesel	category	12417	
Phones & Accessories	category	12454	
Pizza	category	12634	
PlayStation	category	12721	
Pokémon	category	12781	
Pressure Washer	category	13009	
Printer & Printer Supplies	category	13049	
Protein	category	13158	
Pushchair	category	13276	
Quality Street	category	13325	
Railcard	category	13427	
Sale	category	14052	
Samsung	category	14073	
Samsung TV	category	14110	
School Supplies	category	14256	
Sim Free	category	14702	
Sky	category	14799	
Sofa	category	14964	
Soft Drinks	category	14970	
Software	category	14976	
SSD	category	15249	
Star Wars	category	15288	
Streaming	category	15429	
Student Discount	category	15461	
Suitcase	category	15503	
Sun Cream	category	15519	
Supermarket	category	15568	
Tablet	category	15726	
Takeaway and Food Delivery	category	15747	
Tent	category	15925	
Toaster	category	16364	
Toilet Roll	category	16379	
Trainers	category	16573	
Trampoline	category	16579	
Tumble Dryer	category	16710	
TV	category	16741	
Tyres	category	16825	
Video Games	category	17225	
Vinyl	category	17254	
Virgin	category	17258	
Vodafone	category	17346	
Vodka	category	17352	
Watch	category	17526	
Water Butt	category	17535	
Wedding	category	17607	
Whisky	category	17692	
Wine	category	17832	
Xbox	category	18106	
Xbox Live Gold	category	18157	
Yankee Candle	category	18234	
Salmon	category	19511	
Frozen Food	category	19823	
Scotch Whisky	category	19929	
Gaming Laptop	category	20620	
Shed	category	20760	
Beef	category	21346	
Amazon Prime	category	23187	
Butter	category	24184	
Spirit & Liqueur	category	24213	
MacBook Air	category	26018	
Ryobi	category	26690	
Gaming PC	category	28074	
Skechers	category	29519	
Hot Tub	category	31191	
Soundbar	category	33994	
EE	category	38396	
Cuprinol	category	39691	
Slow Cooker	category	40226	
App	category	45319	
Ferrero Rocher	category	45593	
Engine Oil	category	50311	
Home Accessories	category	51166	
Advent Calendar	category	52171	
Xbox Controller	category	53593	
VPN	category	55789	
Electric Bike	category	56365	
OLED TV	category	60886	
Price Glitch	category	61062	
Wearable	category	80503	
Kindle	category	82890	
Cooking Oil	category	88415	
iPad	category	104476	
Basmati Rice	category	110077	
Rattan Garden Furniture	category	113834	
PlayStation Plus	category	119697	
Lego Technic	category	139037	
Amazon Resale	category	155573	
Smart TV	category	157939	
Chromebook	category	170043	
Hair Dryer	category	181419	
Drinks	category	184150	
Clothes	category	184153	
PC Game	category	184168	
Pet Supplies	category	184415	
Gift Card	category	184602	
GoPro	category	184838	
Toys	category	184854	
Tools	category	185059	
Shoes	category	185086	
Gifts	category	185240	
Flights	category	185250	
Fitbit	category	185273	
Dinner Set	category	185594	
Lighting	category	186739	
Easter Eggs	category	187034	
Sim Only	category	187328	
Fashion for Women	category	188468	
Christmas Tree	category	191662	
Coffee Machine	category	199434	
Fridge Freezer	category	204376	
Milwaukee	category	212022	
Kindle Paperwhite	category	218214	
Now	category	220368	
Air Fryer	category	223286	
Men's Fragrance	category	226503	
Vacuum Cleaner	category	227491	
Gaming Monitor	category	228038	
Smart Watch	category	231683	
Xiaomi	category	236360	
Xbox One Games	category	246239	
Chest Freezer	category	248126	
PS4 Controller	category	261205	
PS4 Games	category	264130	
Smart Home	category	273036	
Dash Cam	category	277802	
4K TV	category	279810	
Philips Hue	category	284272	
Apple Watch	category	290516	
Amazon Fire TV Stick	category	301423	
iPad Pro	category	308413	
Google Pixel	category	327200	
Nintendo Switch	category	328137	
4K Blu-ray	category	329533	
Apple AirPods	category	341695	
55 inch TV	category	342581	
65 inch TV	category	342583	
Nvidia Shield	category	342587	
Electronic Accessories	category	342637	
Nintendo Switch Game	category	342651	
Nintendo Switch Joy-Con	category	342653	
Gaming Accessories	category	342659	
Xiaomi Smartphones	category	342719	
Music Streaming	category	342767	
Nike Trainers	category	342785	
Activewear	category	342795	
Fitness & Running	category	342797	
Home Appliances	category	342815	
Karcher Window Vacuum	category	342835	
Kitchen Appliances	category	342841	
Electric Blanket	category	342877	
Power Tool	category	342887	
Stationery & Office Supplies	category	342895	
Train Ticket	category	342905	
Irish Whiskey	category	342925	
Home Care	category	342931	
Books & Magazines	category	343000	
Tickets & Shows	category	343001	
Courses and Training	category	343003	
Team Sports	category	343005	
Recreational Sports	category	343006	
Garden & Do It Yourself	category	343010	
Car & Motorcycle	category	343011	
Vehicles	category	343012	
Motorcycle Accessories	category	343013	
Garage & Service	category	343014	
Accommodation	category	343015	
Trains & Buses	category	343016	
Personal Care & Hygiene	category	343017	
Services & Contracts	category	343021	
Dior Sauvage	category	343024	
Services and Subscriptions	category	343025	
Energy, Heating & Gas	category	343026	
Local Traffic	category	343027	
Broadband & Phone Contracts	category	343029	
Dyson Supersonic	category	343043	
Fashion Accessories	category	343044	
Healthcare	category	343045	
PC Gaming Systems	category	343087	
Electric Scooter	category	343113	
Fruit and Vegetables	category	343127	
Video Streaming	category	343131	
Samsung Galaxy Watch	category	343150	
32 inch TV	category	343182	
75 inch TV	category	343183	
Official Announcements	category	343197	
Retailer Offers & Issues	category	343199	
Buying From Abroad	category	343200	
Money Saving Tips & Tricks	category	343201	
Wellness, Fitness & Massages	category	343204	
Holidays and Trips	category	343262	
PC Parts	category	343266	
Ring Video Doorbell	category	343295	
Protein Bars	category	343310	
Amazon Fire Tablet	category	343353	
Lego Harry Potter	category	343383	
Apple Airpods Pro	category	343448	
Xbox Game Pass	category	343468	
Meta Quest	category	343513	
Henry Hoover	category	343538	
Disney+	category	343547	
Watersports	category	343577	
Sony WH-1000XM4	category	343595	
Apple Watch SE	category	343606	
PS5	category	343607	
PS5 DualSense controllers	category	343608	
PS5 Games	category	343609	
RTX 3070	category	343612	
Xbox Series X	category	343615	
Xbox Series S	category	343616	
Kindle Book	category	343691	
Apple AirTag	category	343718	
Permanent Offers	category	343724	
iPhone 13	category	343728	
Apple Watch 7	category	343732	
Nintendo Switch OLED	category	343736	
Google Pixel 6	category	343741	
Samsung Galaxy S22	category	343749	
Samsung Galaxy S22 Ultra	category	343751	
FIFA 23	category	343759	
Apple Watch 8	category	343762	
iPhone 14	category	343763	
iPhone 14 Pro	category	343765	
Apple Watch Ultra	category	343768	
Game Time Cards	category	343772	
Ninja Foodi Max	category	343776	
Samsung Galaxy S23	category	343799	
Samsung Galaxy S23 Ultra	category	343801	
The Legend of Zelda: Tears of the Kingdom	category	343813	
Diablo IV	category	343814	
Gambling & Lottery	category	343836	
Adult Lingerie	category	343837	
iPhone 15	category	343838	
PS5 Slim	category	343844	
Nintendo Switch 2	category	343845	
Amazon haul	category	343846	
Megathreads	category	343847	
Question of the Week	category	343848	
Community Pulse	category	343849	
Community Hub	category	343850	
Spaced: The Complete First and Second Series DVD used	thread	4651467	TITLE: Spaced: The Complete First and Second Series DVD used
McFarlane Toys Batman: The Dark Knight (2008) 1:1 Scale Cowl Replica with code	thread	4651466	TITLE: McFarlane Toys Batman: The Dark Knight (2008) 1:1 Scale Cowl Replica with code
BBH Gardening Gloves, 14 Pack In-Warehouse	thread	4651465	TITLE: BBH Gardening Gloves, 14 Pack In-Warehouse
Men's Hillwalker InterActive Gore-Tex Waterproof Jacket - Brown	thread	4651464	TITLE: Men's Hillwalker InterActive Gore-Tex Waterproof Jacket - Brown
21-26 February - 5 nights at 3* YOTEL New York At Times Square New York with flights from Manchester based on 2 adults (£629pp) Hand Luggage	thread	4651462	TITLE: 21-26 February - 5 nights at 3* YOTEL New York At Times Square New York with flights from Manchester based on 2 adults (£629pp) Hand Luggage
Hasbro Star Wars The Black Series Moff Gideon Premium Electronic Helmet - With Code	thread	4651461	TITLE: Hasbro Star Wars The Black Series Moff Gideon Premium Electronic Helmet - With Code
Men's Plain Organic T-shirt - 5 Pack for £50	thread	4651460	TITLE: Men's Plain Organic T-shirt - 5 Pack for £50
Life is Strange: Double Exposure Xbox Series X	thread	4651458	TITLE: Life is Strange: Double Exposure Xbox Series X
Alan Wake 2 Deluxe Edition Xbox Series X (Free Click and Collect Only)	thread	4651457	TITLE: Alan Wake 2 Deluxe Edition Xbox Series X (Free Click and Collect Only)
The Science-Backed Anti-Inflammatory Diet for Beginners: A Hassle-Free Guide and Simple Meal Plan - Kindle Edition	thread	4651456	TITLE: The Science-Backed Anti-Inflammatory Diet for Beginners: A Hassle-Free Guide and Simple Meal Plan - Kindle Edition
Nestle Milkybar Dessert 2X65g - Clubcard Price	thread	4651455	TITLE: Nestle Milkybar Dessert 2X65g - Clubcard Price
INIU Car Charger, Cigarette Lighter USB Charger Total 60W [USB C 30W+USB A 30W] - w/voucher - Sold by simple life/FBA	thread	4651454	TITLE: INIU Car Charger, Cigarette Lighter USB Charger Total 60W [USB C 30W+USB A 30W] - w/voucher - Sold by simple life/FBA
Critical Role Presents: Call of the Netherdeep (D&D Adventure Book)	thread	4651453	TITLE: Critical Role Presents: Call of the Netherdeep (D&D Adventure Book)
Ninja FrostVault Heavy-Duty Insulated Cool Box, Wheeled Premium Cooler with Dry Zone Integrated Fridge-Temp Dry Storage Drawer | Grey	thread	4651452	TITLE: Ninja FrostVault Heavy-Duty Insulated Cool Box, Wheeled Premium Cooler with Dry Zone Integrated Fridge-Temp Dry Storage Drawer | Grey
Calibre Lost Lad Gravel Bike	thread	4651451	TITLE: Calibre Lost Lad Gravel Bike
Linda Mccartney's Organic Barista Oat Drink 1 Litre - Instore (Daventry)	thread	4651449	TITLE: Linda Mccartney's Organic Barista Oat Drink 1 Litre - Instore (Daventry)
Star Wars Hasbro The Black Series Ahsoka Tano Force FX Elite Lightsaber - With Code	thread	4651448	TITLE: Star Wars Hasbro The Black Series Ahsoka Tano Force FX Elite Lightsaber - With Code
SCI-MX Diet Whey Protein Powder + Vitamins & Green Tea, CLA & L-Carnitine - Salted Caramel • Low Sugar • 22g Protein	thread	4651447	TITLE: SCI-MX Diet Whey Protein Powder + Vitamins & Green Tea, CLA & L-Carnitine - Salted Caramel • Low Sugar • 22g Protein
Minecraft Dungeons Ultimate Edition Xbox One & Xbox Series X|S (EU & UK)	thread	4651446	TITLE: Minecraft Dungeons Ultimate Edition Xbox One & Xbox Series X|S (EU & UK)
Belkin 10000mAh 15W PD portable power bank with 1 USB-C port and 2 USB-A ports + 15cm USB-C to USB-A cable | In Blue & Black Colours	thread	4651445	TITLE: Belkin 10000mAh 15W PD portable power bank with 1 USB-C port and 2 USB-A ports + 15cm USB-C to USB-A cable | In Blue & Black Colours
Deer & Oak Large Bamboo Chopping Board 38 x 25 x 2cm, Premium Wooden, Pre-Oiled, Sold by Ideal Direct Ltd/FBA (W/Code - Selected Accounts)	thread	4651443	TITLE: Deer & Oak Large Bamboo Chopping Board 38 x 25 x 2cm, Premium Wooden, Pre-Oiled, Sold by Ideal Direct Ltd/FBA (W/Code - Selected Accounts)
WORKZONE Hand Tools Assortment	thread	4651442	TITLE: WORKZONE Hand Tools Assortment
Kings Hawaiian Sweet Rolls, 2 x 16 Pack Instore	thread	4651441	TITLE: Kings Hawaiian Sweet Rolls, 2 x 16 Pack Instore
EA SPORTS Madden NFL 26 Deluxe Edition Xbox Series X|S + Pre Order Bonus	thread	4651440	TITLE: EA SPORTS Madden NFL 26 Deluxe Edition Xbox Series X|S + Pre Order Bonus
Walkers Classic Variety Multipack Crisps Box 20x25g (S&S £3.15/£2.98)	thread	4651439	TITLE: Walkers Classic Variety Multipack Crisps Box 20x25g (S&S £3.15/£2.98)
NINJA Creami NC300UK Ice Cream & Frozen Dessert Maker – Black & Silver - With Code	thread	4651438	TITLE: NINJA Creami NC300UK Ice Cream & Frozen Dessert Maker – Black & Silver - With Code
Piper-Heidsieck Champagne	thread	4651437	TITLE: Piper-Heidsieck Champagne
Sid Meier's Civilization VI 6 PC/STEAM	thread	4651436	TITLE: Sid Meier's Civilization VI 6 PC/STEAM
Capri-Sun Orange 8 x 200ml	thread	4651435	TITLE: Capri-Sun Orange 8 x 200ml
NUMATIC Henry PET.200-11 Cylinder Vacuum - BOX DAMAGE - W/code sold by currys clearance	thread	4651434	TITLE: NUMATIC Henry PET.200-11 Cylinder Vacuum - BOX DAMAGE - W/code sold by currys clearance
Banquet Recycled Tie Handle Tall Kitchen Bin Liners, 100 Bags Instore	thread	4651433	TITLE: Banquet Recycled Tie Handle Tall Kitchen Bin Liners, 100 Bags Instore
Five Nights at Freddy's: Security Breach (PS4)	thread	4651432	TITLE: Five Nights at Freddy's: Security Breach (PS4)
TATAY Cold Meat Containers for Fridge | Set of 3 Standard | Removable Lid, Stackable | Microwave, Freezer and Dishwasher Safe | BPA-Free	thread	4651431	TITLE: TATAY Cold Meat Containers for Fridge | Set of 3 Standard | Removable Lid, Stackable | Microwave, Freezer and Dishwasher Safe | BPA-Free
Enter The Gungeon / Exit The Gungeon £2.24	thread	4651430	TITLE: Enter The Gungeon / Exit The Gungeon £2.24
Yale Steel Padlock 40mm, 3 Pack Instore	thread	4651428	TITLE: Yale Steel Padlock 40mm, 3 Pack Instore
GUTS 'N' GOALS (Code in a Box) (Nintendo Switch)	thread	4651427	TITLE: GUTS 'N' GOALS (Code in a Box) (Nintendo Switch)
Walkers Wotsits Cheese Multipack Snacks Crisps 20x16.5g	thread	4651426	TITLE: Walkers Wotsits Cheese Multipack Snacks Crisps 20x16.5g
NBA 2K25 Standard Edition Xbox One & Xbox Series X|S (UK)	thread	4651425	TITLE: NBA 2K25 Standard Edition Xbox One & Xbox Series X|S (UK)
Haribo Starmix Multipack Bag 352g	thread	4651424	TITLE: Haribo Starmix Multipack Bag 352g
Pitacs Heating Chrome Heated Towel Rail -1175 x 500 x 30 mm Instore	thread	4651423	TITLE: Pitacs Heating Chrome Heated Towel Rail -1175 x 500 x 30 mm Instore
Michael Schenker - My Years with UFO [DOUBLE VINYL]	thread	4651422	TITLE: Michael Schenker - My Years with UFO [DOUBLE VINYL]
eufy Security Video Doorbell Camera Wireless C31 - Sold by AnkerDirect UK / FBA	thread	4651421	TITLE: eufy Security Video Doorbell Camera Wireless C31 - Sold by AnkerDirect UK / FBA
Call of Duty: Black Ops 4 - Digital Deluxe Xbox (WW)	thread	4651420	TITLE: Call of Duty: Black Ops 4 - Digital Deluxe Xbox (WW)
Blackstone 36" Griddle Gas Barbecue with Hood & Front Shelf Instore	thread	4651419	TITLE: Blackstone 36" Griddle Gas Barbecue with Hood & Front Shelf Instore
Kirkland Signature Pure Sea Salt, 850g	thread	4651418	TITLE: Kirkland Signature Pure Sea Salt, 850g
WWE 2K25 Standard Edition Xbox One & Xbox Series X|S (UK)	thread	4651417	TITLE: WWE 2K25 Standard Edition Xbox One & Xbox Series X|S (UK)
Bibigo 100% Sesame Oil, 1L	thread	4651415	TITLE: Bibigo 100% Sesame Oil, 1L
Ninja Foodi MAX 15-in-1 Multi-Cooker - Certified Refurbished [OL750UK] 7.5L w/code sold by Ninja	thread	4651414	TITLE: Ninja Foodi MAX 15-in-1 Multi-Cooker - Certified Refurbished [OL750UK] 7.5L w/code sold by Ninja
Ninja Woodfire Pro XL OG850UK BBQ - Discount at Checkout - £239.99 after trade in code	thread	4651412	TITLE: Ninja Woodfire Pro XL OG850UK BBQ - Discount at Checkout - £239.99 after trade in code
The Famous Grouse Smoky Black Blended Scotch Whisky, 70 cl	thread	4651411	TITLE: The Famous Grouse Smoky Black Blended Scotch Whisky, 70 cl
New Super Mario Bros. U & Super Luigi U | Nintendo Wii U | Used, Free C&C + 5 Year Warranty	thread	4651410	TITLE: New Super Mario Bros. U & Super Luigi U | Nintendo Wii U | Used, Free C&C + 5 Year Warranty
Ninja Professional Stackable Food Chopper [NJ1002UKBK] 200W Black, Red & Cream, w/Code, Sold By Ninja	thread	4651409	TITLE: Ninja Professional Stackable Food Chopper [NJ1002UKBK] 200W Black, Red & Cream, w/Code, Sold By Ninja
Tommy Hilfiger Men's Long Sleeve Shirt (3XL Plus Only)	thread	4651407	TITLE: Tommy Hilfiger Men's Long Sleeve Shirt (3XL Plus Only)
VTech Build-a-Burger Interactive Stacking Toy - Instore Wigan	thread	4651406	TITLE: VTech Build-a-Burger Interactive Stacking Toy - Instore Wigan
Auf Wiedersehen Pet - Series 1-2 DVD (used) - Sold by World of Books Ltd	thread	4651405	TITLE: Auf Wiedersehen Pet - Series 1-2 DVD (used) - Sold by World of Books Ltd
Margie Benedict - Before the Killing: A thrilling time travel tale (The BEFORE Series Book 1) Kindle Edition	thread	4651403	TITLE: Margie Benedict - Before the Killing: A thrilling time travel tale (The BEFORE Series Book 1) Kindle Edition
Forest Feast Peanut Butter Milk Chocolate Dates	thread	4651402	TITLE: Forest Feast Peanut Butter Milk Chocolate Dates
Blended Scotch Whisky 'Special Reserve' 1L - by Amazon (S&S £16.64 / £15.72 w/voucher)	thread	4651401	TITLE: Blended Scotch Whisky 'Special Reserve' 1L - by Amazon (S&S £16.64 / £15.72 w/voucher)
Steam Deck 64GB / 256GB £279 - Certified Refurbished (Requires login to Steam Store to show stock)	thread	4651400	TITLE: Steam Deck 64GB / 256GB £279 - Certified Refurbished (Requires login to Steam Store to show stock)
Tommy Hilfiger Men’s Core Corporate Canvas Low Top Vulcanised Trainers size 6.5 to 11 uk	thread	4651399	TITLE: Tommy Hilfiger Men’s Core Corporate Canvas Low Top Vulcanised Trainers size 6.5 to 11 uk
Prodigy Their Law Double Silver Vinyl w/code sold by TRACKNINE22	thread	4651398	TITLE: Prodigy Their Law Double Silver Vinyl w/code sold by TRACKNINE22
UK Crime Thriller - M K Farrar - The Silent One (A DI Erica Swift Thriller Book 2) Kindle Edition	thread	4651397	TITLE: UK Crime Thriller - M K Farrar - The Silent One (A DI Erica Swift Thriller Book 2) Kindle Edition
23-30 April 7 nights all-inclusive at 4* Lindos Royal Resort, Rhodes Easyjet flights from Gatwick based on 2 adults (£519pp) hand luggage	thread	4651395	TITLE: 23-30 April 7 nights all-inclusive at 4* Lindos Royal Resort, Rhodes Easyjet flights from Gatwick based on 2 adults (£519pp) hand luggage
UK Crime Thriller - JOY ELLIS - CRIME ON THE FENS	thread	4651394	TITLE: UK Crime Thriller - JOY ELLIS - CRIME ON THE FENS
Wolfenstein II: The New Colossus	thread	4651392	TITLE: Wolfenstein II: The New Colossus
Prologo C.One 30 saddle	thread	4651391	TITLE: Prologo C.One 30 saddle
BONTEC Mobile TV Stand on Wheels 23–60in LED/LCD/OLED TVs - Sold by bracketsales123 FBA	thread	4651390	TITLE: BONTEC Mobile TV Stand on Wheels 23–60in LED/LCD/OLED TVs - Sold by bracketsales123 FBA
HP Omen 16" Gaming Laptop - AMD Ryzen AI 7 350, 24GB RAM, 1TB SSD, NVIDIA RTX 5070, 16" 2K (1920x1200) IPS 144Hz Display with HS Code	thread	4651389	TITLE: HP Omen 16" Gaming Laptop - AMD Ryzen AI 7 350, 24GB RAM, 1TB SSD, NVIDIA RTX 5070, 16" 2K (1920x1200) IPS 144Hz Display with HS Code
Lenovo L22e-40 22” Full HD 1080p LED Backlit monitor	thread	4651388	TITLE: Lenovo L22e-40 22” Full HD 1080p LED Backlit monitor
22-29 January, 7 nights all-inclusive at 4* Royal Lagoons Resort & Aqua Park flights from Luton based on 2 adults (£369pp) hand luggage	thread	4651387	TITLE: 22-29 January, 7 nights all-inclusive at 4* Royal Lagoons Resort & Aqua Park flights from Luton based on 2 adults (£369pp) hand luggage
Nestle Crunch Bar Dark Chocolate 100g - Instore Chingford	thread	4651385	TITLE: Nestle Crunch Bar Dark Chocolate 100g - Instore Chingford
Ladies Constance Floral Print Dress, Size UK 8-18	thread	4651383	TITLE: Ladies Constance Floral Print Dress, Size UK 8-18
Star Wars Rebellion PC	thread	4651382	TITLE: Star Wars Rebellion PC
Sonax CockpitStar Dashboard Cleaner 750ml Fresh Fragrance	thread	4651381	TITLE: Sonax CockpitStar Dashboard Cleaner 750ml Fresh Fragrance
MSI NVIDIA GeForce RTX 5070 12GB VENTUS 2X OC Blackwell Graphics Card	thread	4651380	TITLE: MSI NVIDIA GeForce RTX 5070 12GB VENTUS 2X OC Blackwell Graphics Card
PUMA Unisex Kid's Ultra 5 Play It Jr Soccer Shoe - Size 4uk	thread	4651379	TITLE: PUMA Unisex Kid's Ultra 5 Play It Jr Soccer Shoe - Size 4uk
50 Mixed Grey Mailing Poly Postal Self Seal Bags 5 Sizes	thread	4651378	TITLE: 50 Mixed Grey Mailing Poly Postal Self Seal Bags 5 Sizes
KEPLIN Non-Slip Microfibre Bath & Toilet Mat - Soft, Plush & Comfortable Rug 50x80cm	thread	4651377	TITLE: KEPLIN Non-Slip Microfibre Bath & Toilet Mat - Soft, Plush & Comfortable Rug 50x80cm
LEGO Ideas - Red London Telephone Box (21347)	thread	4651376	TITLE: LEGO Ideas - Red London Telephone Box (21347)
MAM Original Day & Night 6-18m 4 Pack Soothers	thread	4651375	TITLE: MAM Original Day & Night 6-18m 4 Pack Soothers
HP Victus 15L Gaming Desktop - AMD Ryzen 5, RTX 3050, 16GB RAM, 512 GB SSD - REFURB-C with code - Currys Clearance	thread	4651374	TITLE: HP Victus 15L Gaming Desktop - AMD Ryzen 5, RTX 3050, 16GB RAM, 512 GB SSD - REFURB-C with code - Currys Clearance
BREMBO - Front Brake Disc Pair R90 Approved - 276mm Diameter, Free C&C - W/Code	thread	4651373	TITLE: BREMBO - Front Brake Disc Pair R90 Approved - 276mm Diameter, Free C&C - W/Code
The North Face Men's 100 Glacier 1/4 Zip Sweatshirt	thread	4651372	TITLE: The North Face Men's 100 Glacier 1/4 Zip Sweatshirt
Tina Turner - Break Every Rule - 2022 Remaster [Vinyl]	thread	4651371	TITLE: Tina Turner - Break Every Rule - 2022 Remaster [Vinyl]
Latch Pack Electro Brass by Perry - Free C&C	thread	4651370	TITLE: Latch Pack Electro Brass by Perry - Free C&C
Celine Dion - Falling Into You [2 x 180g Vinyl] - New - with code sold by musicMagpie Shop	thread	4651369	TITLE: Celine Dion - Falling Into You [2 x 180g Vinyl] - New - with code sold by musicMagpie Shop
Samsung S24 Ultra 5G 256GB Titanium Black	thread	4651366	TITLE: Samsung S24 Ultra 5G 256GB Titanium Black
Casio Digital Quartz World Time Bio-Based Resin Band Watch | LF20W-8A2 Sold by Amazon US	thread	4651365	TITLE: Casio Digital Quartz World Time Bio-Based Resin Band Watch | LF20W-8A2 Sold by Amazon US
Roe Tenpo Air Fryer Liners, 100Pcs Disposable Baking Parchment Paper - 6.3 - 9 inch options	thread	4651363	TITLE: Roe Tenpo Air Fryer Liners, 100Pcs Disposable Baking Parchment Paper - 6.3 - 9 inch options
Deep Freeze, Pain Relief Glide On Gel, 50 gram	thread	4651361	TITLE: Deep Freeze, Pain Relief Glide On Gel, 50 gram
The Hurt Locker Blu-ray (used) free C&C	thread	4651360	TITLE: The Hurt Locker Blu-ray (used) free C&C
Sweet* - Greatest Hitz 1969-1978 [Vinyl] (select addresses)	thread	4651359	TITLE: Sweet* - Greatest Hitz 1969-1978 [Vinyl] (select addresses)
Casio Men's MDV106-1AV 200 M WR Black Dive Watch Black/Blue - Sold and Shipped by Amazon US	thread	4651358	TITLE: Casio Men's MDV106-1AV 200 M WR Black Dive Watch Black/Blue - Sold and Shipped by Amazon US
Amazon Basics Rechargeable Battery Bundle - 20 pack (12 AAA plus 8 AA rechargeable batteries)	thread	4651357	TITLE: Amazon Basics Rechargeable Battery Bundle - 20 pack (12 AAA plus 8 AA rechargeable batteries)
Maltesers White Chocolate More To Share - 126g	thread	4651356	TITLE: Maltesers White Chocolate More To Share - 126g
Kewpie Mayonnaise 355ml | Authentic Japanese Mayo | Rich, Umami Flavour	thread	4651355	TITLE: Kewpie Mayonnaise 355ml | Authentic Japanese Mayo | Rich, Umami Flavour
Belstaff Fieldmaster Cotton Jacket - Black - Size 6-16 - With Code	thread	4651354	TITLE: Belstaff Fieldmaster Cotton Jacket - Black - Size 6-16 - With Code
Philips OneBlade 360 for Face - Trim, Edge, Shave with 3 Stubble Combs with code (10% off with student discount) - free C&C	thread	4651352	TITLE: Philips OneBlade 360 for Face - Trim, Edge, Shave with 3 Stubble Combs with code (10% off with student discount) - free C&C
Levington PEAT FREE Multi Purpose Compost, 40 litre	thread	4651351	TITLE: Levington PEAT FREE Multi Purpose Compost, 40 litre
Diary Of A Madman - Ozzy Osbourne - Vinyl	thread	4651350	TITLE: Diary Of A Madman - Ozzy Osbourne - Vinyl
Ten Little Monkeys Children's Book by Mike Brownlow and Simon Rickerty (Paperback)	thread	4651349	TITLE: Ten Little Monkeys Children's Book by Mike Brownlow and Simon Rickerty (Paperback)
JACK & JONES Mens Vito Boxer Trunk - 7 Pack - Size S-XXL	thread	4651347	TITLE: JACK & JONES Mens Vito Boxer Trunk - 7 Pack - Size S-XXL
Drake Hollow - Xbox One / Xbox Series X|S (PC Play Anywhere Title)	thread	4651345	TITLE: Drake Hollow - Xbox One / Xbox Series X|S (PC Play Anywhere Title)
Herbal Essences Sulphate Free Shampoo and Conditioner Set For Dry Hair Incl. Curly&Wavy | 2x350ml Shampoo, 2x 250ml Conditioner | S&S £11.97	thread	4651344	TITLE: Herbal Essences Sulphate Free Shampoo and Conditioner Set For Dry Hair Incl. Curly&Wavy | 2x350ml Shampoo, 2x 250ml Conditioner | S&S £11.97
Ninja Blast Max Portable Blender, 570ml, Rechargeable Battery, Cool Grey BC251EUGY - With voucher	thread	4651341	TITLE: Ninja Blast Max Portable Blender, 570ml, Rechargeable Battery, Cool Grey BC251EUGY - With voucher
Ninja CREAMi Ice Cream Maker & Frozen Dessert Maker with 3 Tubs, 7 Programs (Discount at Checkout)	thread	4651340	TITLE: Ninja CREAMi Ice Cream Maker & Frozen Dessert Maker with 3 Tubs, 7 Programs (Discount at Checkout)
Budweiser Zero Alcohol Free Lager - 4 x 330ml - Instore Whitchurch	thread	4651338	TITLE: Budweiser Zero Alcohol Free Lager - 4 x 330ml - Instore Whitchurch
Ninja Foodi 2-in-1 Hand Blender & Hand Mixer, Food Processor with 2 Attachments, 850W Powerbase with voucher	thread	4651337	TITLE: Ninja Foodi 2-in-1 Hand Blender & Hand Mixer, Food Processor with 2 Attachments, 850W Powerbase with voucher
Fruit of the Loom Men's Original T. T-Shirt (Pack of 5) size M,L	thread	4651336	TITLE: Fruit of the Loom Men's Original T. T-Shirt (Pack of 5) size M,L
Corsair 2000D Airflow Mini-ITX Case with code	thread	4651335	TITLE: Corsair 2000D Airflow Mini-ITX Case with code
Ninja Foodi Dual Zone 7.6l Air Fryer- clubcard price instore Tower Park, Poole	thread	4651333	TITLE: Ninja Foodi Dual Zone 7.6l Air Fryer- clubcard price instore Tower Park, Poole
Bamboo Wood Butchers Chopping Block by Bramley Power - Sold & Shipped by Kidzmotion Limited	thread	4651332	TITLE: Bamboo Wood Butchers Chopping Block by Bramley Power - Sold & Shipped by Kidzmotion Limited
Ninja Foodi Dual Zone Digital Air Fryer - 7.6L - AF200UK - With Voucher	thread	4651330	TITLE: Ninja Foodi Dual Zone Digital Air Fryer - 7.6L - AF200UK - With Voucher
Milestone Camping 88000 Flocked Single Airbed/Easy Inflate & Deflate/Weatherproof | Blue	thread	4651328	TITLE: Milestone Camping 88000 Flocked Single Airbed/Easy Inflate & Deflate/Weatherproof | Blue
Tesco Stainless Steel 1litre flask with 2 cups - Dover Extra	thread	4651325	TITLE: Tesco Stainless Steel 1litre flask with 2 cups - Dover Extra
Ninja SLUSHi Frozen Drinks Maker, Create Slush, Frozen Cocktails, Frappé, Milkshakes & Frozen Juice - With Voucher	thread	4651323	TITLE: Ninja SLUSHi Frozen Drinks Maker, Create Slush, Frozen Cocktails, Frappé, Milkshakes & Frozen Juice - With Voucher
Adidas Womens Designed to Move High-Rise 3-Stripes 7/8 Sport Leggings - Black - Size XS-XL - Dispatched 3-7 Months	thread	4651320	TITLE: Adidas Womens Designed to Move High-Rise 3-Stripes 7/8 Sport Leggings - Black - Size XS-XL - Dispatched 3-7 Months
Mercury UK 4 Gang Extension Lead - White - 1m	thread	4651318	TITLE: Mercury UK 4 Gang Extension Lead - White - 1m
The Last of Us Remastered PS4 (Free Click and Collect)	thread	4651317	TITLE: The Last of Us Remastered PS4 (Free Click and Collect)
Gang Beasts PS4	thread	4651315	TITLE: Gang Beasts PS4
NBA 2K25 Standard Edition - PS4 / PS5	thread	4651314	TITLE: NBA 2K25 Standard Edition - PS4 / PS5
Men's Cushioned Work Socks, 10-Pack, Black, Size 6-11 - Sold by DreamNights / FBA	thread	4651313	TITLE: Men's Cushioned Work Socks, 10-Pack, Black, Size 6-11 - Sold by DreamNights / FBA
Bosch Universal Brush - Cordless - free C&C	thread	4651312	TITLE: Bosch Universal Brush - Cordless - free C&C
10% off Selected Collectible Merchandise - With Code	thread	4651311	TITLE: 10% off Selected Collectible Merchandise - With Code
Encona Sauce 220ml - West Indian Original Hot Pepper / Thai Sweet Chilli / Scotch Bonnet / African Peri Peri - Nectar Price	thread	4651310	TITLE: Encona Sauce 220ml - West Indian Original Hot Pepper / Thai Sweet Chilli / Scotch Bonnet / African Peri Peri - Nectar Price
Doom The Dark Ages PC standard edition	thread	4651309	TITLE: Doom The Dark Ages PC standard edition
Breville Bold 2 Slice Toaster with High-Lift and Wide Slots | White and Silver/ Grey -£22.97/Cream -£22.98/Black -£22.98	thread	4651308	TITLE: Breville Bold 2 Slice Toaster with High-Lift and Wide Slots | White and Silver/ Grey -£22.97/Cream -£22.98/Black -£22.98
Samsung Galaxy Official 25W Super Fast Charging Travel Adapter	thread	4651307	TITLE: Samsung Galaxy Official 25W Super Fast Charging Travel Adapter
Lepro LED Torch Super Bright, LE2050 Pocket Flashlight, Zoomable, Waterproof Sold by Lepro UK FBA	thread	4651305	TITLE: Lepro LED Torch Super Bright, LE2050 Pocket Flashlight, Zoomable, Waterproof Sold by Lepro UK FBA
Video Editor - Reels Maker Pro (Lifetime Pro Free)	thread	4651304	TITLE: Video Editor - Reels Maker Pro (Lifetime Pro Free)
Olay Retinol 24 Night Eye Cream - 15ml - Sold by Lilylisa FBA	thread	4651303	TITLE: Olay Retinol 24 Night Eye Cream - 15ml - Sold by Lilylisa FBA
Breville Bold Vanilla Cream Electric Kettle | 1.7L | 3kW Fast Boil | Cream & Silver/Black/White/ Grey	thread	4651302	TITLE: Breville Bold Vanilla Cream Electric Kettle | 1.7L | 3kW Fast Boil | Cream & Silver/Black/White/ Grey
BONTEC Folding Step Stool, Metal Step Ladder up to 150kg - sold by bracketsales123 FBA	thread	4651300	TITLE: BONTEC Folding Step Stool, Metal Step Ladder up to 150kg - sold by bracketsales123 FBA
George Home Steam Generator Iron - 2400w - Black/Rose Gold - 2 Year Warranty - Free C&C	thread	4651299	TITLE: George Home Steam Generator Iron - 2400w - Black/Rose Gold - 2 Year Warranty - Free C&C
Dior homme cologne 125ml	thread	4651298	TITLE: Dior homme cologne 125ml
Car Number Plates - 100% ROAD/MOT Legal Premium Car Registration - STANDARD PAIR, DVLA registered - W/Code by Partexa auto parts	thread	4651297	TITLE: Car Number Plates - 100% ROAD/MOT Legal Premium Car Registration - STANDARD PAIR, DVLA registered - W/Code by Partexa auto parts
Calibre Lost Lad Gravel Bike - S/M/L + 6% Topcashback	thread	4651296	TITLE: Calibre Lost Lad Gravel Bike - S/M/L + 6% Topcashback
PURITO Seoul Daily Soft Touch Sunscreen Stick SPF50+ PA++++ 5-in-1 Defense UVA & UVB Protection Non-Greasy	thread	4651295	TITLE: PURITO Seoul Daily Soft Touch Sunscreen Stick SPF50+ PA++++ 5-in-1 Defense UVA & UVB Protection Non-Greasy
Huawei Watch GT 2 Pro 46mm Smartwatch - Nebula Grey, B, Used, Free C&C + 5 Year Warranty	thread	4651294	TITLE: Huawei Watch GT 2 Pro 46mm Smartwatch - Nebula Grey, B, Used, Free C&C + 5 Year Warranty
Dior Homme EDT 50ml (add to brands you love for 15% off)	thread	4651293	TITLE: Dior Homme EDT 50ml (add to brands you love for 15% off)
Oral-B iO3 2X Electric Toothbrushes 2 Toothbrush Heads & 1 Travel Case, 2 Pin UK Plug, Black & Blue	thread	4651291	TITLE: Oral-B iO3 2X Electric Toothbrushes 2 Toothbrush Heads & 1 Travel Case, 2 Pin UK Plug, Black & Blue
Oral-B iO3 Electric Toothbrush, 2 Toothbrush Heads Pink / Matt Black -£74.99/ Black - £72.99	thread	4651290	TITLE: Oral-B iO3 Electric Toothbrush, 2 Toothbrush Heads Pink / Matt Black -£74.99/ Black - £72.99
ASRock B850I Lightning mini-ITX motherboard ( Socket AM5 / PCI-e 5.0 card + M2 / DDR5 ) w/code	thread	4651289	TITLE: ASRock B850I Lightning mini-ITX motherboard ( Socket AM5 / PCI-e 5.0 card + M2 / DDR5 ) w/code
Adizero Adizero Adios OG W Trainers - Sizes 4 - 6.5 - W/Discount for Carers Code - Free Click & Collect	thread	4651286	TITLE: Adizero Adizero Adios OG W Trainers - Sizes 4 - 6.5 - W/Discount for Carers Code - Free Click & Collect
Magcubic HY310 Projector ( Autofocus / 1920x1080 / Google Voice Control / BT5.4 / WiFi 6 ) w/code @ Magcubic Projector Store (UK Despatch)	thread	4651285	TITLE: Magcubic HY310 Projector ( Autofocus / 1920x1080 / Google Voice Control / BT5.4 / WiFi 6 ) w/code @ Magcubic Projector Store (UK Despatch)
Tommy Hilfiger 100% Cotton Gingham Mens L/S Shirt | Baby blue / white colour | Sizes available XS - 3XL plus size	thread	4651284	TITLE: Tommy Hilfiger 100% Cotton Gingham Mens L/S Shirt | Baby blue / white colour | Sizes available XS - 3XL plus size
Nike LD-1000 SP Trainers - Sizes 4.5 - 6 - w/Discount for Carers Code - Free Click & Collect	thread	4651282	TITLE: Nike LD-1000 SP Trainers - Sizes 4.5 - 6 - w/Discount for Carers Code - Free Click & Collect
Farmfoods Pure Irish Salted / Unsalted Butter - 3 x 227g	thread	4651281	TITLE: Farmfoods Pure Irish Salted / Unsalted Butter - 3 x 227g
Pampeano Corned Beef 340g	thread	4651280	TITLE: Pampeano Corned Beef 340g
Tech Deck Finesse X Sonic the Hedgehog Handboard	thread	4651279	TITLE: Tech Deck Finesse X Sonic the Hedgehog Handboard
George Home Grey Textured 4-Slice Toaster - Instore Abbey Lane Leicester	thread	4651278	TITLE: George Home Grey Textured 4-Slice Toaster - Instore Abbey Lane Leicester
Multi-tier Wood Plant Stand Flower Display Shelf - Sold & Delivered by Living and Home	thread	4651277	TITLE: Multi-tier Wood Plant Stand Flower Display Shelf - Sold & Delivered by Living and Home
Kingsmill Rolls 6 Pack ( Softwhite/ Wholemeal)	thread	4651276	TITLE: Kingsmill Rolls 6 Pack ( Softwhite/ Wholemeal)
12M Fixed Elec 19.97p/kWh Gas 5.47p/kWh SC Elec 43.758p Gas 30.177p - SE Region	thread	4651275	TITLE: 12M Fixed Elec 19.97p/kWh Gas 5.47p/kWh SC Elec 43.758p Gas 30.177p - SE Region
Mystery Bonus with £5 Spend - With Code - Selected Accounts	thread	4651273	TITLE: Mystery Bonus with £5 Spend - With Code - Selected Accounts
ORICO 1TB SATA SSD 2.5 Inch Internal Solid State Drive, Read Speed up to 500MB/s, SATA III - With code - Sold by ORICO Official Store FBA	thread	4651272	TITLE: ORICO 1TB SATA SSD 2.5 Inch Internal Solid State Drive, Read Speed up to 500MB/s, SATA III - With code - Sold by ORICO Official Store FBA
PUMA Scuderia Ferrari X-Ray Speed Motorsport Shoes - Unisex - Sizes 6.5-12 - With Code - Sold by Puma UK	thread	4651271	TITLE: PUMA Scuderia Ferrari X-Ray Speed Motorsport Shoes - Unisex - Sizes 6.5-12 - With Code - Sold by Puma UK
McGregor 25cm Cordless Grass Trimmer - 18V - Free C&C	thread	4651269	TITLE: McGregor 25cm Cordless Grass Trimmer - 18V - Free C&C
3 x Collier's 350g cheeses (1.05KG) for £5 or £1.99 each nationwide in store	thread	4651268	TITLE: 3 x Collier's 350g cheeses (1.05KG) for £5 or £1.99 each nationwide in store
Adidas Mens Strutter Shoes Sneaker | white / black / red colourway | UK size 8 only	thread	4651267	TITLE: Adidas Mens Strutter Shoes Sneaker | white / black / red colourway | UK size 8 only
Argos Home Metal 2 Light LED Bathroom Wall Light - Black - Free C&C	thread	4651266	TITLE: Argos Home Metal 2 Light LED Bathroom Wall Light - Black - Free C&C
Bushnell Nitro 10x36 Binoculars ( ED Glass / PC3 Phase Coating / IPX7 ) with code	thread	4651265	TITLE: Bushnell Nitro 10x36 Binoculars ( ED Glass / PC3 Phase Coating / IPX7 ) with code
Lenovo Tab M9 Mediatek G80 4GB RAM 64GB eMMC Android 12 9" Tablet delivered w/code	thread	4651264	TITLE: Lenovo Tab M9 Mediatek G80 4GB RAM 64GB eMMC Android 12 9" Tablet delivered w/code
Kickers Boys School Reasan Shoes (UK Child Sizes 7, 9, 10, 11, 12.5, 2.5)	thread	4651263	TITLE: Kickers Boys School Reasan Shoes (UK Child Sizes 7, 9, 10, 11, 12.5, 2.5)
Multifunctional Rechargeable Radio - Sold by STOENGO Accessories Universe Store	thread	4651261	TITLE: Multifunctional Rechargeable Radio - Sold by STOENGO Accessories Universe Store
Tapo C210 2K 3MP Pan/Tilt Indoor WiFi Camera - No Monthly Fee	thread	4651260	TITLE: Tapo C210 2K 3MP Pan/Tilt Indoor WiFi Camera - No Monthly Fee
Scotchgard Heavy Duty Water Shield - 400ml	thread	4651259	TITLE: Scotchgard Heavy Duty Water Shield - 400ml
Heupar Green Laser Level - Sold by Huepar Overseas Store	thread	4651257	TITLE: Heupar Green Laser Level - Sold by Huepar Overseas Store
The Naked Gun (4K UHD + Blu-ray) From the Files of Police Squad!	thread	4651255	TITLE: The Naked Gun (4K UHD + Blu-ray) From the Files of Police Squad!
K&F Concept NP-W126 Battery Twin Pack ( USB-C / Fujifilm XT30 II / X100 VI / XE5 / XS10 ) w/voucher @ K&F Concept-UK/FBA	thread	4651253	TITLE: K&F Concept NP-W126 Battery Twin Pack ( USB-C / Fujifilm XT30 II / X100 VI / XE5 / XS10 ) w/voucher @ K&F Concept-UK/FBA
Helly Hansen Men's Moss Rain Jacket (XL Black)	thread	4651252	TITLE: Helly Hansen Men's Moss Rain Jacket (XL Black)
Helly Hansen Unisex Kids Daybreaker Tights - Size 62 - Black	thread	4651250	TITLE: Helly Hansen Unisex Kids Daybreaker Tights - Size 62 - Black
4 x AUTOCARE Screen Wash, -10C Apple Scented 5 Litres Removes Dirt Grime (Total 20Ltr) - w/code - by GSF (UK Mainland)	thread	4651249	TITLE: 4 x AUTOCARE Screen Wash, -10C Apple Scented 5 Litres Removes Dirt Grime (Total 20Ltr) - w/code - by GSF (UK Mainland)
Tommy Hilfiger Down Alaska Puffer Jacket	thread	4651248	TITLE: Tommy Hilfiger Down Alaska Puffer Jacket
Up to 80% off the Summer Sale	thread	4651247	TITLE: Up to 80% off the Summer Sale
Dove Men+Care Advanced Clean Comfort Anti-Perspirant Aerosol Deodorant Spray, 72 hour protection - £2.33 / £2.08 S&S + W/Voucher	thread	4651244	TITLE: Dove Men+Care Advanced Clean Comfort Anti-Perspirant Aerosol Deodorant Spray, 72 hour protection - £2.33 / £2.08 S&S + W/Voucher
Bunnahabhain Stiuireadair Islay Single Malt Scotch Whisky - 70cl - ABV 46.3% - £26.10 S&S	thread	4651243	TITLE: Bunnahabhain Stiuireadair Islay Single Malt Scotch Whisky - 70cl - ABV 46.3% - £26.10 S&S
Nescafe Gold Blend Vanilla 95g - Instore Tamworth	thread	4651242	TITLE: Nescafe Gold Blend Vanilla 95g - Instore Tamworth
Amazon Basics 30W One-Port GaN USB-C Wall Charger For Tablets & Phones With Power Delivery, White (non-PPS)	thread	4651240	TITLE: Amazon Basics 30W One-Port GaN USB-C Wall Charger For Tablets & Phones With Power Delivery, White (non-PPS)
LEGO 71435 Super Mario Battle with Roy at Peach’s Castle	thread	4651239	TITLE: LEGO 71435 Super Mario Battle with Roy at Peach’s Castle
Napapijri Hornelen hooded puffer jacket in black - Sizes M, L & XL	thread	4651238	TITLE: Napapijri Hornelen hooded puffer jacket in black - Sizes M, L & XL
Hand blender ErgoMixx MS6CA4150G 800W White, Anthracite 12 speeds/ chopper/whisk/click mechanism	thread	4651237	TITLE: Hand blender ErgoMixx MS6CA4150G 800W White, Anthracite 12 speeds/ chopper/whisk/click mechanism
2 x Narciso Rodriguez For Him Bleu Noir Parfum 100ml Spray - With code	thread	4651235	TITLE: 2 x Narciso Rodriguez For Him Bleu Noir Parfum 100ml Spray - With code
Ultros (PC/Steam/Steam Deck)	thread	4651234	TITLE: Ultros (PC/Steam/Steam Deck)
LEGO Jurassic World Dinosaur Fossils: Triceratops Skull 76969 - With Code	thread	4651233	TITLE: LEGO Jurassic World Dinosaur Fossils: Triceratops Skull 76969 - With Code
2 x Versace Eros Flame Eau de Parfum 200ml Spray, With Code	thread	4651230	TITLE: 2 x Versace Eros Flame Eau de Parfum 200ml Spray, With Code
L'Oreal Men Expert Barber Club Matte Moulding Clay - 3 x 75ml - Clubcard Price	thread	4651229	TITLE: L'Oreal Men Expert Barber Club Matte Moulding Clay - 3 x 75ml - Clubcard Price
2 x Viktor & Rolf Spicebomb Extreme Eau de Parfum 90ml Spray - With code	thread	4651228	TITLE: 2 x Viktor & Rolf Spicebomb Extreme Eau de Parfum 90ml Spray - With code
Up to 30% off Hyundai + Extra 20% off with code (Refurbished)	thread	4651227	TITLE: Up to 30% off Hyundai + Extra 20% off with code (Refurbished)
2 x Viktor & Rolf Spicebomb Eau de Toilette 90ml Spray with code	thread	4651226	TITLE: 2 x Viktor & Rolf Spicebomb Eau de Toilette 90ml Spray with code
3 x NIVEA Protective Care Hand Cream - Beeswax 75ml - 3 for 2 offer - Clubcard price	thread	4651225	TITLE: 3 x NIVEA Protective Care Hand Cream - Beeswax 75ml - 3 for 2 offer - Clubcard price
Cotswold Classic Suede Memory Foam Women's Loafers W/Code	thread	4651224	TITLE: Cotswold Classic Suede Memory Foam Women's Loafers W/Code
2 x Diesel Plus Plus Masculine Eau de Toilette 75ml + 30ml Spray + 75ml Deodorant Gift Set - with code	thread	4651223	TITLE: 2 x Diesel Plus Plus Masculine Eau de Toilette 75ml + 30ml Spray + 75ml Deodorant Gift Set - with code
70% Off Selected Boots Skincare e.g. Boots Q10 Day Cream SPF25 50ml - £1.50 C&C	thread	4651221	TITLE: 70% Off Selected Boots Skincare e.g. Boots Q10 Day Cream SPF25 50ml - £1.50 C&C
Fairy Outdoorable Cherry Blossom & Nordic Cotton Fabric Softener - 55 Washes - 770ml	thread	4651220	TITLE: Fairy Outdoorable Cherry Blossom & Nordic Cotton Fabric Softener - 55 Washes - 770ml
fanxiang S101 4TB SATA SSD, Up to 550MB/s, Internal Solid State Drive, TLC NAND - LDCEMS FBA	thread	4651218	TITLE: fanxiang S101 4TB SATA SSD, Up to 550MB/s, Internal Solid State Drive, TLC NAND - LDCEMS FBA
Up to 30% off refurb Flymo + an extra 20% off with Coupon e.g: Refurbished EasiGlide 360V Hover Lawn Mower £78.39 @ Flymo Outlet Store	thread	4651217	TITLE: Up to 30% off refurb Flymo + an extra 20% off with Coupon e.g: Refurbished EasiGlide 360V Hover Lawn Mower £78.39 @ Flymo Outlet Store
LEGO Creator 3in1 Haunted Mansion 31167	thread	4651216	TITLE: LEGO Creator 3in1 Haunted Mansion 31167
IRN-BRU Sugar-Free Diet, 12 Pack Zero Sugar & Low Calorie Fizzy Drinks Multipack Bottles - 12 x 500ml Bottles | £8.55 S&S	thread	4651215	TITLE: IRN-BRU Sugar-Free Diet, 12 Pack Zero Sugar & Low Calorie Fizzy Drinks Multipack Bottles - 12 x 500ml Bottles | £8.55 S&S
2 x MontBlanc Explorer Eau de Parfum 100ml Spray - with code	thread	4651214	TITLE: 2 x MontBlanc Explorer Eau de Parfum 100ml Spray - with code
